,round,round_time,sampled_clients,noise_multiplier,noise_multiplier_after_adaptive_clipping,update_clipping_norm,update_stddev,accuracy,loss
0,0,,23,0.7082464208237876,0.7288487,0.1,0.07288487,0.09979917854070663,2.3053905963897705
1,1,,33,0.7082464208237876,0.7288487,0.107533574,0.078375705,,
2,2,,20,0.7082464208237876,0.7288487,0.11884298,0.08661855,,
3,3,,26,0.7082464208237876,0.7288487,0.12793085,0.093242235,,
4,4,,23,0.7082464208237876,0.7288487,0.14008306,0.10209936,,
5,5,,22,0.7082464208237876,0.7288487,0.14985292,0.1092201,0.13011853396892548,2.299484968185425
6,6,,18,0.7082464208237876,0.7288487,0.16340563,0.11909798,,
7,7,,28,0.7082464208237876,0.7288487,0.17010815,0.12398311,,
8,8,,23,0.7082464208237876,0.7288487,0.1879986,0.13702253,,
9,9,,25,0.7082464208237876,0.7288487,0.20287137,0.14786254,,
10,10,,29,0.7082464208237876,0.7288487,0.2181586,0.15900461,0.1851733922958374,2.290147066116333
11,11,,38,0.7082464208237876,0.7288487,0.23767301,0.17322767,,
12,12,,33,0.7082464208237876,0.7288487,0.26266932,0.1914462,,
13,13,,26,0.7082464208237876,0.7288487,0.2902945,0.21158077,,
14,14,,21,0.7082464208237876,0.7288487,0.31791443,0.23171152,,
15,15,,34,0.7082464208237876,0.7288487,0.33731076,0.2458485,0.2920503616333008,2.2226414680480957
16,16,,34,0.7082464208237876,0.7288487,0.37278605,0.2717046,,
17,17,,24,0.7082464208237876,0.7288487,0.4034241,0.29403514,,
18,18,,29,0.7082464208237876,0.7288487,0.42184272,0.30745953,,
19,19,,31,0.7082464208237876,0.7288487,0.45438054,0.33117467,,
20,20,,24,0.7082464208237876,0.7288487,0.43410602,0.3163976,0.2827684283256531,2.0242197513580322
21,21,,38,0.7082464208237876,0.7288487,0.40097845,0.29225263,,
22,22,,24,0.7082464208237876,0.7288487,0.39549857,0.2882586,,
23,23,,24,0.7082464208237876,0.7288487,0.3959996,0.2886238,,
24,24,,33,0.7082464208237876,0.7288487,0.41207713,0.30034187,,
25,25,,25,0.7082464208237876,0.7288487,0.41441497,0.30204582,0.5458219051361084,1.5552489757537842
26,26,,36,0.7082464208237876,0.7288487,0.40627554,0.2961134,,
27,27,,33,0.7082464208237876,0.7288487,0.39277166,0.28627113,,
28,28,,24,0.7082464208237876,0.7288487,0.3902417,0.28442717,,
29,29,,42,0.7082464208237876,0.7288487,0.38687497,0.28197333,,
30,30,,28,0.7082464208237876,0.7288487,0.37218624,0.27126744,0.6075137257575989,1.2420661449432373
31,31,,32,0.7082464208237876,0.7288487,0.37288836,0.27177918,,
32,32,,38,0.7082464208237876,0.7288487,0.36653125,0.2671458,,
33,33,,25,0.7082464208237876,0.7288487,0.34192625,0.2492125,,
34,34,,28,0.7082464208237876,0.7288487,0.35476458,0.2585697,,
35,35,,30,0.7082464208237876,0.7288487,0.34834883,0.25389358,0.6659237742424011,1.0767520666122437
36,36,,30,0.7082464208237876,0.7288487,0.3522677,0.25674987,,
37,37,,34,0.7082464208237876,0.7288487,0.33513984,0.24426624,,
38,38,,24,0.7082464208237876,0.7288487,0.34512419,0.2515433,,
39,39,,29,0.7082464208237876,0.7288487,0.34154359,0.2489336,,
40,40,,26,0.7082464208237876,0.7288487,0.36108854,0.2631789,0.7218357920646667,0.9190835356712341
41,41,,26,0.7082464208237876,0.7288487,0.35249877,0.25691828,,
42,42,,24,0.7082464208237876,0.7288487,0.35152024,0.25620508,,
43,43,,30,0.7082464208237876,0.7288487,0.35508233,0.25880128,,
44,44,,38,0.7082464208237876,0.7288487,0.36867544,0.26870862,,
45,45,,33,0.7082464208237876,0.7288487,0.36934447,0.26919624,0.6705769896507263,1.008496642112732
46,46,,38,0.7082464208237876,0.7288487,0.33880126,0.24693486,,
47,47,,32,0.7082464208237876,0.7288487,0.35809538,0.26099735,,
48,48,,27,0.7082464208237876,0.7288487,0.36863956,0.26868245,,
49,49,,35,0.7082464208237876,0.7288487,0.36207813,0.26390016,,
50,50,,40,0.7082464208237876,0.7288487,0.36561495,0.26647797,0.7741966843605042,0.7619513869285583
51,51,,26,0.7082464208237876,0.7288487,0.37362787,0.27231818,,
52,52,,34,0.7082464208237876,0.7288487,0.36384687,0.26518932,,
53,53,,32,0.7082464208237876,0.7288487,0.3453743,0.25172558,,
54,54,,40,0.7082464208237876,0.7288487,0.36064237,0.2628537,,
55,55,,26,0.7082464208237876,0.7288487,0.36721382,0.2676433,0.8112999796867371,0.647002100944519
56,56,,38,0.7082464208237876,0.7288487,0.36903542,0.268971,,
57,57,,32,0.7082464208237876,0.7288487,0.3715731,0.27082056,,
58,58,,39,0.7082464208237876,0.7288487,0.37710688,0.27485386,,
59,59,,41,0.7082464208237876,0.7288487,0.3695735,0.26936316,,
60,60,,46,0.7082464208237876,0.7288487,0.3717839,0.27097422,0.845023512840271,0.5451299548149109
61,61,,36,0.7082464208237876,0.7288487,0.37169605,0.27091017,,
62,62,,40,0.7082464208237876,0.7288487,0.3784527,0.27583474,,
63,63,,43,0.7082464208237876,0.7288487,0.35974318,0.26219836,,
64,64,,37,0.7082464208237876,0.7288487,0.3844467,0.2802035,,
65,65,,18,0.7082464208237876,0.7288487,0.3941269,0.28725886,0.8493338823318481,0.4989321827888489
66,66,,27,0.7082464208237876,0.7288487,0.3800516,0.27700013,,
67,67,,43,0.7082464208237876,0.7288487,0.38144028,0.27801225,,
68,68,,33,0.7082464208237876,0.7288487,0.40498936,0.29517597,,
69,69,,32,0.7082464208237876,0.7288487,0.38405097,0.27991503,,
70,70,,30,0.7082464208237876,0.7288487,0.39019486,0.284393,0.8698814511299133,0.42698487639427185
71,71,,27,0.7082464208237876,0.7288487,0.37407017,0.27264056,,
72,72,,22,0.7082464208237876,0.7288487,0.3795153,0.2766092,,
73,73,,31,0.7082464208237876,0.7288487,0.37507933,0.27337608,,
74,74,,30,0.7082464208237876,0.7288487,0.3696821,0.26944232,,
75,75,,29,0.7082464208237876,0.7288487,0.36743245,0.26780266,0.8798736333847046,0.39708012342453003
76,76,,28,0.7082464208237876,0.7288487,0.3681871,0.2683527,,
77,77,,24,0.7082464208237876,0.7288487,0.378252,0.27568847,,
78,78,,37,0.7082464208237876,0.7288487,0.39042768,0.2845627,,
79,79,,37,0.7082464208237876,0.7288487,0.39609048,0.28869003,,
80,80,,20,0.7082464208237876,0.7288487,0.38445622,0.2802104,0.8892045617103577,0.3686673641204834
81,81,,27,0.7082464208237876,0.7288487,0.3856288,0.28106505,,
82,82,,33,0.7082464208237876,0.7288487,0.37533778,0.27356446,,
83,83,,35,0.7082464208237876,0.7288487,0.37953627,0.27662453,,
84,84,,25,0.7082464208237876,0.7288487,0.36967292,0.2694356,,
85,85,,30,0.7082464208237876,0.7288487,0.37192824,0.27107942,0.8910658359527588,0.35163262486457825
86,86,,27,0.7082464208237876,0.7288487,0.3841779,0.28000757,,
87,87,,30,0.7082464208237876,0.7288487,0.38048902,0.27731892,,
88,88,,26,0.7082464208237876,0.7288487,0.3768863,0.2746931,,
89,89,,39,0.7082464208237876,0.7288487,0.37731305,0.27500412,,
90,90,,30,0.7082464208237876,0.7288487,0.37782747,0.27537906,0.8870493769645691,0.3641332685947418
91,91,,51,0.7082464208237876,0.7288487,0.36451024,0.2656728,,
92,92,,27,0.7082464208237876,0.7288487,0.3891882,0.2836593,,
93,93,,29,0.7082464208237876,0.7288487,0.37813526,0.27560338,,
94,94,,34,0.7082464208237876,0.7288487,0.38414225,0.27998158,,
95,95,,29,0.7082464208237876,0.7288487,0.3853468,0.2808595,0.8978007435798645,0.328073114156723
96,96,,31,0.7082464208237876,0.7288487,0.3783146,0.27573413,,
97,97,,25,0.7082464208237876,0.7288487,0.37553653,0.2737093,,
98,98,,38,0.7082464208237876,0.7288487,0.38658446,0.2817616,,
99,99,,24,0.7082464208237876,0.7288487,0.3753149,0.27354777,,
100,100,,23,0.7082464208237876,0.7288487,0.3792209,0.27639467,0.9022090435028076,0.3145312964916229
101,101,,34,0.7082464208237876,0.7288487,0.37598053,0.27403292,,
102,102,,36,0.7082464208237876,0.7288487,0.36988384,0.26958936,,
103,103,,36,0.7082464208237876,0.7288487,0.3677492,0.26803353,,
104,104,,28,0.7082464208237876,0.7288487,0.37367812,0.2723548,,
105,105,,25,0.7082464208237876,0.7288487,0.365249,0.26621127,0.907597005367279,0.3004591464996338
106,106,,25,0.7082464208237876,0.7288487,0.37095812,0.27037233,,
107,107,,28,0.7082464208237876,0.7288487,0.3742801,0.27279356,,
108,108,,28,0.7082464208237876,0.7288487,0.36911055,0.26902574,,
109,109,,36,0.7082464208237876,0.7288487,0.3701173,0.2697595,,
110,110,,31,0.7082464208237876,0.7288487,0.37171644,0.27092505,0.905147910118103,0.3114582896232605
111,111,,26,0.7082464208237876,0.7288487,0.38413805,0.2799785,,
112,112,,26,0.7082464208237876,0.7288487,0.39089894,0.28490618,,
113,113,,32,0.7082464208237876,0.7288487,0.38213947,0.27852187,,
114,114,,29,0.7082464208237876,0.7288487,0.39303,0.2864594,,
115,115,,28,0.7082464208237876,0.7288487,0.37540016,0.2736099,0.90336012840271,0.31790339946746826
116,116,,32,0.7082464208237876,0.7288487,0.37099016,0.2703957,,
117,117,,22,0.7082464208237876,0.7288487,0.37591523,0.27398533,,
118,118,,27,0.7082464208237876,0.7288487,0.37431407,0.27281833,,
119,119,,28,0.7082464208237876,0.7288487,0.3704847,0.2700273,,
120,120,,33,0.7082464208237876,0.7288487,0.36524493,0.2662083,0.9072785973548889,0.3070083558559418
121,121,,42,0.7082464208237876,0.7288487,0.3737144,0.27238125,,
122,122,,26,0.7082464208237876,0.7288487,0.37248078,0.27148214,,
123,123,,41,0.7082464208237876,0.7288487,0.38299328,0.27914417,,
124,124,,35,0.7082464208237876,0.7288487,0.3886155,0.2832419,,
125,125,,30,0.7082464208237876,0.7288487,0.38909757,0.28359327,0.9099236130714417,0.2964458763599396
126,126,,28,0.7082464208237876,0.7288487,0.39580327,0.2884807,,
127,127,,32,0.7082464208237876,0.7288487,0.39506918,0.28794566,,
128,128,,30,0.7082464208237876,0.7288487,0.38983727,0.2841324,,
129,129,,32,0.7082464208237876,0.7288487,0.3984723,0.29042602,,
130,130,,25,0.7082464208237876,0.7288487,0.38403887,0.2799062,0.9189606308937073,0.26837342977523804
131,131,,30,0.7082464208237876,0.7288487,0.3704331,0.26998967,,
132,132,,32,0.7082464208237876,0.7288487,0.37676123,0.27460194,,
133,133,,33,0.7082464208237876,0.7288487,0.39301783,0.28645054,,
134,134,,32,0.7082464208237876,0.7288487,0.39338687,0.2867195,,
135,135,,27,0.7082464208237876,0.7288487,0.39306298,0.28648344,0.9157033562660217,0.2791404724121094
136,136,,33,0.7082464208237876,0.7288487,0.3823374,0.2786661,,
137,137,,31,0.7082464208237876,0.7288487,0.38896638,0.28349763,,
138,138,,26,0.7082464208237876,0.7288487,0.37986052,0.27686083,,
139,139,,24,0.7082464208237876,0.7288487,0.38278154,0.27898982,,
140,140,,22,0.7082464208237876,0.7288487,0.36775157,0.26803526,0.91117262840271,0.28877657651901245
141,141,,31,0.7082464208237876,0.7288487,0.37836987,0.2757744,,
142,142,,37,0.7082464208237876,0.7288487,0.36735228,0.2677442,,
143,143,,38,0.7082464208237876,0.7288487,0.38647,0.28167814,,
144,144,,29,0.7082464208237876,0.7288487,0.3999327,0.29149044,,
145,145,,33,0.7082464208237876,0.7288487,0.39760903,0.28979683,0.9171727895736694,0.27751484513282776
146,146,,26,0.7082464208237876,0.7288487,0.38732415,0.2823007,,
147,147,,37,0.7082464208237876,0.7288487,0.3821924,0.27856043,,
148,148,,22,0.7082464208237876,0.7288487,0.39767858,0.28984752,,
149,149,,35,0.7082464208237876,0.7288487,0.39003953,0.2842798,,
150,150,,25,0.7082464208237876,0.7288487,0.38126823,0.27788687,0.9203565716743469,0.26627784967422485
151,151,,29,0.7082464208237876,0.7288487,0.38733658,0.28230977,,
152,152,,39,0.7082464208237876,0.7288487,0.37624848,0.27422822,,
153,153,,27,0.7082464208237876,0.7288487,0.383667,0.2796352,,
154,154,,23,0.7082464208237876,0.7288487,0.39027503,0.28445145,,
155,155,,41,0.7082464208237876,0.7288487,0.39090464,0.28491032,0.9092378616333008,0.3148159384727478
156,156,,23,0.7082464208237876,0.7288487,0.38512066,0.2806947,,
157,157,,25,0.7082464208237876,0.7288487,0.38129053,0.2779031,,
158,158,,31,0.7082464208237876,0.7288487,0.3745897,0.27301922,,
159,159,,30,0.7082464208237876,0.7288487,0.38740253,0.28235784,,
160,160,,26,0.7082464208237876,0.7288487,0.38892654,0.2834686,0.9156054258346558,0.2905369997024536
161,161,,39,0.7082464208237876,0.7288487,0.38577878,0.28117436,,
162,162,,21,0.7082464208237876,0.7288487,0.38496605,0.280582,,
163,163,,31,0.7082464208237876,0.7288487,0.3816765,0.2781844,,
164,164,,41,0.7082464208237876,0.7288487,0.38036802,0.27723074,,
165,165,,27,0.7082464208237876,0.7288487,0.3750887,0.2733829,0.9185687899589539,0.2826599180698395
166,166,,34,0.7082464208237876,0.7288487,0.37952322,0.276615,,
167,167,,26,0.7082464208237876,0.7288487,0.38012654,0.27705473,,
168,168,,30,0.7082464208237876,0.7288487,0.37899706,0.2762315,,
169,169,,36,0.7082464208237876,0.7288487,0.3845044,0.28024554,,
170,170,,31,0.7082464208237876,0.7288487,0.38672552,0.28186437,0.9271159768104553,0.2531846761703491
171,171,,37,0.7082464208237876,0.7288487,0.3811913,0.27783078,,
172,172,,41,0.7082464208237876,0.7288487,0.38138443,0.27797154,,
173,173,,22,0.7082464208237876,0.7288487,0.39502048,0.28791016,,
174,174,,28,0.7082464208237876,0.7288487,0.37753895,0.27516878,,
175,175,,27,0.7082464208237876,0.7288487,0.38124004,0.2778663,0.9244710206985474,0.2698588967323303
176,176,,18,0.7082464208237876,0.7288487,0.37911898,0.27632037,,
177,177,,21,0.7082464208237876,0.7288487,0.38623142,0.28150427,,
178,178,,21,0.7082464208237876,0.7288487,0.3925084,0.28607923,,
179,179,,26,0.7082464208237876,0.7288487,0.38960195,0.28396088,,
180,180,,40,0.7082464208237876,0.7288487,0.38402218,0.27989405,0.9314508438110352,0.22954429686069489
181,181,,36,0.7082464208237876,0.7288487,0.38058785,0.27739096,,
182,182,,25,0.7082464208237876,0.7288487,0.3807341,0.27749753,,
183,183,,30,0.7082464208237876,0.7288487,0.3849048,0.28053737,,
184,184,,32,0.7082464208237876,0.7288487,0.39113697,0.2850797,,
185,185,,30,0.7082464208237876,0.7288487,0.38366196,0.27963153,0.9296630024909973,0.23675821721553802
186,186,,33,0.7082464208237876,0.7288487,0.38551202,0.28097993,,
187,187,,36,0.7082464208237876,0.7288487,0.38672864,0.28186667,,
188,188,,23,0.7082464208237876,0.7288487,0.39177582,0.2855453,,
189,189,,27,0.7082464208237876,0.7288487,0.37691823,0.27471635,,
190,190,,30,0.7082464208237876,0.7288487,0.384496,0.2802394,0.922805666923523,0.26669272780418396
191,191,,34,0.7082464208237876,0.7288487,0.3896486,0.28399485,,
192,192,,28,0.7082464208237876,0.7288487,0.3835114,0.2795218,,
193,193,,33,0.7082464208237876,0.7288487,0.38773626,0.28260106,,
194,194,,35,0.7082464208237876,0.7288487,0.38330245,0.2793695,,
195,195,,30,0.7082464208237876,0.7288487,0.3852954,0.28082204,0.9161686897277832,0.29658597707748413
196,196,,27,0.7082464208237876,0.7288487,0.38027114,0.2771601,,
197,197,,35,0.7082464208237876,0.7288487,0.35858914,0.26135722,,
198,198,,24,0.7082464208237876,0.7288487,0.37701744,0.27478868,,
199,199,,21,0.7082464208237876,0.7288487,0.37244168,0.27145362,,
200,200,,23,0.7082464208237876,0.7288487,0.37462822,0.2730473,0.9342917203903198,0.23174527287483215
201,201,,32,0.7082464208237876,0.7288487,0.37682155,0.2746459,,
202,202,,38,0.7082464208237876,0.7288487,0.37867817,0.2759991,,
203,203,,34,0.7082464208237876,0.7288487,0.39476016,0.28772044,,
204,204,,36,0.7082464208237876,0.7288487,0.3940068,0.28717133,,
205,205,,19,0.7082464208237876,0.7288487,0.38813853,0.28289425,0.9264057874679565,0.2582783102989197
206,206,,31,0.7082464208237876,0.7288487,0.38804853,0.28282866,,
207,207,,27,0.7082464208237876,0.7288487,0.3962551,0.28881,,
208,208,,40,0.7082464208237876,0.7288487,0.4209864,0.3068354,,
209,209,,35,0.7082464208237876,0.7288487,0.39425918,0.2873553,,
210,210,,28,0.7082464208237876,0.7288487,0.39289853,0.28636357,0.9381122589111328,0.21724629402160645
211,211,,29,0.7082464208237876,0.7288487,0.39979896,0.29139295,,
212,212,,34,0.7082464208237876,0.7288487,0.38434544,0.28012967,,
213,213,,35,0.7082464208237876,0.7288487,0.38650098,0.28170073,,
214,214,,37,0.7082464208237876,0.7288487,0.39125127,0.285163,,
215,215,,32,0.7082464208237876,0.7288487,0.3860931,0.28140345,0.9356632232666016,0.22986461222171783
216,216,,28,0.7082464208237876,0.7288487,0.3832866,0.27935794,,
217,217,,24,0.7082464208237876,0.7288487,0.3729308,0.2718101,,
218,218,,30,0.7082464208237876,0.7288487,0.37558445,0.27374423,,
219,219,,31,0.7082464208237876,0.7288487,0.39545766,0.2882288,,
220,220,,28,0.7082464208237876,0.7288487,0.4014212,0.2925753,0.9383326768875122,0.22040502727031708
221,221,,33,0.7082464208237876,0.7288487,0.38529596,0.28082246,,
222,222,,36,0.7082464208237876,0.7288487,0.3860479,0.28137052,,
223,223,,25,0.7082464208237876,0.7288487,0.37608284,0.2741075,,
224,224,,26,0.7082464208237876,0.7288487,0.3869804,0.28205016,,
225,225,,30,0.7082464208237876,0.7288487,0.38199636,0.27841756,0.9374265074729919,0.22637243568897247
226,226,,26,0.7082464208237876,0.7288487,0.3781038,0.27558047,,
227,227,,26,0.7082464208237876,0.7288487,0.3773093,0.27500138,,
228,228,,34,0.7082464208237876,0.7288487,0.37831897,0.2757373,,
229,229,,24,0.7082464208237876,0.7288487,0.37127697,0.27060473,,
230,230,,20,0.7082464208237876,0.7288487,0.3624648,0.26418197,0.938944935798645,0.22412729263305664
231,231,,28,0.7082464208237876,0.7288487,0.37709692,0.2748466,,
232,232,,30,0.7082464208237876,0.7288487,0.38638872,0.28161892,,
233,233,,30,0.7082464208237876,0.7288487,0.3992512,0.29099372,,
234,234,,32,0.7082464208237876,0.7288487,0.388275,0.28299373,,
235,235,,25,0.7082464208237876,0.7288487,0.38457182,0.28029466,0.9340957999229431,0.23648016154766083
236,236,,34,0.7082464208237876,0.7288487,0.3945429,0.28756207,,
237,237,,24,0.7082464208237876,0.7288487,0.38328642,0.2793578,,
238,238,,18,0.7082464208237876,0.7288487,0.3735779,0.27228177,,
239,239,,30,0.7082464208237876,0.7288487,0.3844138,0.2801795,,
240,240,,31,0.7082464208237876,0.7288487,0.38801786,0.2828063,0.9338753819465637,0.23771332204341888
241,241,,37,0.7082464208237876,0.7288487,0.38474324,0.28041962,,
242,242,,26,0.7082464208237876,0.7288487,0.37953782,0.27662563,,
243,243,,26,0.7082464208237876,0.7288487,0.3762086,0.27419916,,
244,244,,35,0.7082464208237876,0.7288487,0.37999472,0.27695864,,
245,245,,28,0.7082464208237876,0.7288487,0.3738739,0.2724975,0.9372550845146179,0.2290830910205841
246,246,,26,0.7082464208237876,0.7288487,0.37914914,0.27634236,,
247,247,,33,0.7082464208237876,0.7288487,0.38494706,0.28056815,,
248,248,,32,0.7082464208237876,0.7288487,0.37099394,0.27039844,,
249,249,,36,0.7082464208237876,0.7288487,0.39053437,0.28464046,,
250,250,,27,0.7082464208237876,0.7288487,0.37083587,0.27028325,0.9235403537750244,0.2895300090312958
251,251,,23,0.7082464208237876,0.7288487,0.37710342,0.27485132,,
252,252,,24,0.7082464208237876,0.7288487,0.38622764,0.2815015,,
253,253,,33,0.7082464208237876,0.7288487,0.36622143,0.26692,,
254,254,,32,0.7082464208237876,0.7288487,0.38500294,0.2806089,,
255,255,,28,0.7082464208237876,0.7288487,0.39258537,0.28613535,0.9390429258346558,0.22805540263652802
256,256,,29,0.7082464208237876,0.7288487,0.3888453,0.2834094,,
257,257,,38,0.7082464208237876,0.7288487,0.37856385,0.27591577,,
258,258,,28,0.7082464208237876,0.7288487,0.38587874,0.28124723,,
259,259,,29,0.7082464208237876,0.7288487,0.38635543,0.28159466,,
260,260,,37,0.7082464208237876,0.7288487,0.37701386,0.27478606,0.9347570538520813,0.2522311210632324
261,261,,30,0.7082464208237876,0.7288487,0.37367874,0.27235526,,
262,262,,21,0.7082464208237876,0.7288487,0.37623346,0.27421728,,
263,263,,21,0.7082464208237876,0.7288487,0.3912325,0.28514928,,
264,264,,25,0.7082464208237876,0.7288487,0.39953494,0.29120052,,
265,265,,33,0.7082464208237876,0.7288487,0.3954873,0.28825042,0.9397776126861572,0.22595183551311493
266,266,,33,0.7082464208237876,0.7288487,0.38676825,0.28189555,,
267,267,,27,0.7082464208237876,0.7288487,0.37164223,0.27087095,,
268,268,,34,0.7082464208237876,0.7288487,0.37542215,0.27362594,,
269,269,,34,0.7082464208237876,0.7288487,0.37510374,0.27339387,,
270,270,,37,0.7082464208237876,0.7288487,0.37740165,0.2750687,0.9399490356445312,0.21736831963062286
271,271,,33,0.7082464208237876,0.7288487,0.3833977,0.2794389,,
272,272,,35,0.7082464208237876,0.7288487,0.39167887,0.28547463,,
273,273,,22,0.7082464208237876,0.7288487,0.38500348,0.28060928,,
274,274,,23,0.7082464208237876,0.7288487,0.396911,0.28928807,,
275,275,,37,0.7082464208237876,0.7288487,0.3861962,0.28147858,0.9378918409347534,0.23038750886917114
276,276,,31,0.7082464208237876,0.7288487,0.38977927,0.2840901,,
277,277,,34,0.7082464208237876,0.7288487,0.3853932,0.28089333,,
278,278,,40,0.7082464208237876,0.7288487,0.38217193,0.2785455,,
279,279,,29,0.7082464208237876,0.7288487,0.39186558,0.2856107,,
280,280,,36,0.7082464208237876,0.7288487,0.39586192,0.28852344,0.9428879022598267,0.2190810590982437
281,281,,37,0.7082464208237876,0.7288487,0.37815264,0.27561605,,
282,282,,31,0.7082464208237876,0.7288487,0.3798522,0.27685478,,
283,283,,27,0.7082464208237876,0.7288487,0.38474846,0.2804234,,
284,284,,29,0.7082464208237876,0.7288487,0.37691292,0.2747125,,
285,285,,24,0.7082464208237876,0.7288487,0.3796797,0.27672905,0.9367652535438538,0.2485266476869583
286,286,,23,0.7082464208237876,0.7288487,0.37022197,0.2698358,,
287,287,,25,0.7082464208237876,0.7288487,0.37704727,0.2748104,,
288,288,,34,0.7082464208237876,0.7288487,0.38068932,0.27746493,,
289,289,,30,0.7082464208237876,0.7288487,0.38511845,0.28069308,,
290,290,,17,0.7082464208237876,0.7288487,0.37746638,0.27511588,0.944038987159729,0.21164308488368988
291,291,,22,0.7082464208237876,0.7288487,0.3788247,0.2761059,,
292,292,,21,0.7082464208237876,0.7288487,0.3748545,0.27321222,,
293,293,,32,0.7082464208237876,0.7288487,0.38534912,0.2808612,,
294,294,,27,0.7082464208237876,0.7288487,0.38867494,0.28328523,,
295,295,,37,0.7082464208237876,0.7288487,0.3951153,0.28797927,0.9429613947868347,0.21103313565254211
296,296,,24,0.7082464208237876,0.7288487,0.3860404,0.28136504,,
297,297,,32,0.7082464208237876,0.7288487,0.395543,0.288291,,
298,298,,33,0.7082464208237876,0.7288487,0.3998057,0.29139787,,
299,299,,39,0.7082464208237876,0.7288487,0.3819132,0.27835694,,
300,300,,29,0.7082464208237876,0.7288487,0.38381472,0.27974287,0.9424715638160706,0.23158589005470276
301,301,,23,0.7082464208237876,0.7288487,0.3898827,0.2841655,,
302,302,,29,0.7082464208237876,0.7288487,0.39436677,0.2874337,,
303,303,,30,0.7082464208237876,0.7288487,0.37237564,0.2714055,,
304,304,,23,0.7082464208237876,0.7288487,0.38460633,0.2803198,,
305,305,,28,0.7082464208237876,0.7288487,0.382717,0.2789428,0.9435981512069702,0.21792156994342804
306,306,,25,0.7082464208237876,0.7288487,0.37035114,0.26992995,,
307,307,,44,0.7082464208237876,0.7288487,0.37543127,0.2736326,,
308,308,,34,0.7082464208237876,0.7288487,0.38313153,0.27924493,,
309,309,,22,0.7082464208237876,0.7288487,0.37718314,0.27490944,,
310,310,,37,0.7082464208237876,0.7288487,0.37380165,0.27244484,0.9420552253723145,0.22931256890296936
311,311,,25,0.7082464208237876,0.7288487,0.37147573,0.2707496,,
312,312,,24,0.7082464208237876,0.7288487,0.36899826,0.2689439,,
313,313,,34,0.7082464208237876,0.7288487,0.3664844,0.2671117,,
314,314,,39,0.7082464208237876,0.7288487,0.37458155,0.27301326,,
315,315,,25,0.7082464208237876,0.7288487,0.3782772,0.27570686,0.9420062899589539,0.22004489600658417
316,316,,30,0.7082464208237876,0.7288487,0.37052977,0.27006015,,
317,317,,26,0.7082464208237876,0.7288487,0.39654168,0.2890189,,
318,318,,24,0.7082464208237876,0.7288487,0.40080887,0.292129,,
319,319,,31,0.7082464208237876,0.7288487,0.39818764,0.29021853,,
320,320,,32,0.7082464208237876,0.7288487,0.37302628,0.27187973,0.9433287382125854,0.21473507583141327
321,321,,27,0.7082464208237876,0.7288487,0.38863546,0.28325644,,
322,322,,31,0.7082464208237876,0.7288487,0.3782541,0.27569,,
323,323,,33,0.7082464208237876,0.7288487,0.37959245,0.27666545,,
324,324,,26,0.7082464208237876,0.7288487,0.39228272,0.28591475,,
325,325,,30,0.7082464208237876,0.7288487,0.3852853,0.28081468,0.9405123591423035,0.21916930377483368
326,326,,32,0.7082464208237876,0.7288487,0.38728893,0.28227502,,
327,327,,38,0.7082464208237876,0.7288487,0.3731673,0.2719825,,
328,328,,27,0.7082464208237876,0.7288487,0.37758446,0.27520195,,
329,329,,25,0.7082464208237876,0.7288487,0.38093683,0.27764532,,
330,330,,33,0.7082464208237876,0.7288487,0.36902678,0.26896468,0.9331161975860596,0.2657359838485718
331,331,,23,0.7082464208237876,0.7288487,0.36317658,0.26470077,,
332,332,,34,0.7082464208237876,0.7288487,0.36093485,0.2630669,,
333,333,,20,0.7082464208237876,0.7288487,0.3654685,0.26637125,,
334,334,,28,0.7082464208237876,0.7288487,0.37561497,0.2737665,,
335,335,,33,0.7082464208237876,0.7288487,0.36543083,0.26634377,0.942667543888092,0.21860159933567047
336,336,,33,0.7082464208237876,0.7288487,0.38049096,0.27732033,,
337,337,,31,0.7082464208237876,0.7288487,0.37943837,0.27655315,,
338,338,,32,0.7082464208237876,0.7288487,0.37960383,0.27667376,,
339,339,,26,0.7082464208237876,0.7288487,0.3698341,0.2695531,,
340,340,,32,0.7082464208237876,0.7288487,0.3810936,0.27775958,0.9396061897277832,0.2458854615688324
341,341,,28,0.7082464208237876,0.7288487,0.37177908,0.2709707,,
342,342,,28,0.7082464208237876,0.7288487,0.37847972,0.27585444,,
343,343,,37,0.7082464208237876,0.7288487,0.38231584,0.2786504,,
344,344,,28,0.7082464208237876,0.7288487,0.38252485,0.27880272,,
345,345,,33,0.7082464208237876,0.7288487,0.3690765,0.26900092,0.9477860331535339,0.2039426565170288
346,346,,42,0.7082464208237876,0.7288487,0.3925329,0.2860971,,
347,347,,33,0.7082464208237876,0.7288487,0.37831807,0.27573663,,
348,348,,25,0.7082464208237876,0.7288487,0.36866874,0.26870373,,
349,349,,34,0.7082464208237876,0.7288487,0.3755108,0.27369055,,
350,350,,36,0.7082464208237876,0.7288487,0.36815295,0.2683278,0.9420307874679565,0.2383081018924713
351,351,,31,0.7082464208237876,0.7288487,0.37953788,0.2766257,,
352,352,,28,0.7082464208237876,0.7288487,0.37858993,0.2759348,,
353,353,,36,0.7082464208237876,0.7288487,0.38136068,0.27795422,,
354,354,,28,0.7082464208237876,0.7288487,0.37169603,0.27091017,,
355,355,,33,0.7082464208237876,0.7288487,0.37670666,0.27456215,0.9463410973548889,0.2059849500656128
356,356,,27,0.7082464208237876,0.7288487,0.37483814,0.2732003,,
357,357,,26,0.7082464208237876,0.7288487,0.37866116,0.2759867,,
358,358,,39,0.7082464208237876,0.7288487,0.37491378,0.2732554,,
359,359,,33,0.7082464208237876,0.7288487,0.38834935,0.2830479,,
360,360,,38,0.7082464208237876,0.7288487,0.38571104,0.28112498,0.9439409971237183,0.22414173185825348
361,361,,23,0.7082464208237876,0.7288487,0.38522047,0.28076744,,
362,362,,45,0.7082464208237876,0.7288487,0.38537157,0.28087756,,
363,363,,49,0.7082464208237876,0.7288487,0.38085184,0.27758336,,
364,364,,26,0.7082464208237876,0.7288487,0.38134775,0.2779448,,
365,365,,27,0.7082464208237876,0.7288487,0.3858833,0.28125054,0.9398266077041626,0.23170866072177887
366,366,,29,0.7082464208237876,0.7288487,0.3803198,0.2771956,,
367,367,,36,0.7082464208237876,0.7288487,0.3885222,0.28317392,,
368,368,,26,0.7082464208237876,0.7288487,0.38506585,0.28065476,,
369,369,,30,0.7082464208237876,0.7288487,0.3791993,0.2763789,,
370,370,,31,0.7082464208237876,0.7288487,0.39820442,0.29023078,0.939116358757019,0.2337271273136139
371,371,,28,0.7082464208237876,0.7288487,0.38058442,0.27738845,,
372,372,,33,0.7082464208237876,0.7288487,0.3912889,0.2851904,,
373,373,,25,0.7082464208237876,0.7288487,0.38959584,0.2839564,,
374,374,,37,0.7082464208237876,0.7288487,0.40061933,0.29199088,,
375,375,,30,0.7082464208237876,0.7288487,0.3725521,0.27153412,0.9415654540061951,0.21647301316261292
376,376,,35,0.7082464208237876,0.7288487,0.37588125,0.27396056,,
377,377,,25,0.7082464208237876,0.7288487,0.38607046,0.28138694,,
378,378,,35,0.7082464208237876,0.7288487,0.3793602,0.27649617,,
379,379,,31,0.7082464208237876,0.7288487,0.38564536,0.28107712,,
380,380,,28,0.7082464208237876,0.7288487,0.37125602,0.27058947,0.9473941922187805,0.20416359603405
381,381,,28,0.7082464208237876,0.7288487,0.38526323,0.2807986,,
382,382,,23,0.7082464208237876,0.7288487,0.3901194,0.28433803,,
383,383,,24,0.7082464208237876,0.7288487,0.38101405,0.2777016,,
384,384,,34,0.7082464208237876,0.7288487,0.38080546,0.27754956,,
385,385,,32,0.7082464208237876,0.7288487,0.35577402,0.25930542,0.9242261052131653,0.3545041084289551
386,386,,27,0.7082464208237876,0.7288487,0.38133967,0.27793893,,
387,387,,30,0.7082464208237876,0.7288487,0.38898233,0.28350925,,
388,388,,25,0.7082464208237876,0.7288487,0.39948836,0.29116657,,
389,389,,27,0.7082464208237876,0.7288487,0.39113656,0.28507936,,
390,390,,36,0.7082464208237876,0.7288487,0.3802385,0.27713633,0.9459982514381409,0.21606853604316711
391,391,,26,0.7082464208237876,0.7288487,0.38361788,0.2795994,,
392,392,,31,0.7082464208237876,0.7288487,0.3758695,0.273952,,
393,393,,33,0.7082464208237876,0.7288487,0.38462195,0.2803312,,
394,394,,31,0.7082464208237876,0.7288487,0.40049648,0.29190135,,
395,395,,30,0.7082464208237876,0.7288487,0.36769214,0.26799193,0.9430838823318481,0.22951598465442657
396,396,,32,0.7082464208237876,0.7288487,0.37353402,0.2722498,,
397,397,,39,0.7082464208237876,0.7288487,0.39635485,0.28888273,,
398,398,,38,0.7082464208237876,0.7288487,0.36803028,0.2682384,,
399,399,,34,0.7082464208237876,0.7288487,0.39357704,0.2868581,,
400,400,,23,0.7082464208237876,0.7288487,0.38310957,0.2792289,0.9381367564201355,0.22840453684329987
401,401,,19,0.7082464208237876,0.7288487,0.39277977,0.28627703,,
402,402,,28,0.7082464208237876,0.7288487,0.39296547,0.28641236,,
403,403,,34,0.7082464208237876,0.7288487,0.38133317,0.2779342,,
404,404,,36,0.7082464208237876,0.7288487,0.38387507,0.27978685,,
405,405,,31,0.7082464208237876,0.7288487,0.3872628,0.28225598,0.9481778740882874,0.20482955873012543
406,406,,28,0.7082464208237876,0.7288487,0.37311044,0.27194107,,
407,407,,30,0.7082464208237876,0.7288487,0.39578852,0.28846994,,
408,408,,28,0.7082464208237876,0.7288487,0.37549773,0.27368104,,
409,409,,28,0.7082464208237876,0.7288487,0.38520396,0.2807554,,
410,410,,28,0.7082464208237876,0.7288487,0.38607877,0.28139302,0.9412715435028076,0.22355684638023376
411,411,,32,0.7082464208237876,0.7288487,0.38795003,0.28275687,,
412,412,,32,0.7082464208237876,0.7288487,0.38478184,0.28044775,,
413,413,,27,0.7082464208237876,0.7288487,0.3731264,0.2719527,,
414,414,,33,0.7082464208237876,0.7288487,0.38358405,0.27957472,,
415,415,,38,0.7082464208237876,0.7288487,0.3930662,0.2864858,0.9383081793785095,0.24115131795406342
416,416,,37,0.7082464208237876,0.7288487,0.39248326,0.28606093,,
417,417,,36,0.7082464208237876,0.7288487,0.40968975,0.29860184,,
418,418,,32,0.7082464208237876,0.7288487,0.404168,0.29457733,,
419,419,,32,0.7082464208237876,0.7288487,0.39558017,0.2883181,,
420,420,,32,0.7082464208237876,0.7288487,0.3843321,0.28011996,0.9507004022598267,0.1958213448524475
